{
  "IcoMoonType": "selection",
  "icons": [
    {
      "icon": {
        "paths": [
          "M1194.667 0h-1024c-70.4 0-127.403 57.6-127.403 128l-0.597 768c0 70.4 57.6 128 128 128h1024c70.4 0 128-57.6 128-128v-768c0-70.4-57.6-128-128-128zM1169.067 272.043l-452.437 282.795c-9.65 6.022-21.368 9.593-33.92 9.593s-24.27-3.571-34.194-9.752l0.274 0.159-452.523-282.88c-16.11-9.631-26.73-26.982-26.73-46.813 0-30.021 24.337-54.357 54.357-54.357 11.162 0 21.539 3.364 30.17 9.135l-0.197-0.124 428.8 268.203 428.8-268.203c8.434-5.646 18.811-9.010 29.973-9.010 30.021 0 54.357 24.337 54.357 54.357 0 19.831-10.62 37.182-26.483 46.676l-0.247 0.137z"
        ],
        "attrs": [
          {}
        ],
        "width": 1365,
        "isMulticolor": false,
        "isMulticolor2": false,
        "grid": 0,
        "tags": [
          "user-email"
        ]
      },
      "attrs": [
        {}
      ],
      "properties": {
        "order": 31,
        "id": 2,
        "name": "user-email",
        "prevSize": 32
      },
      "setIdx": 0,
      "setId": 3,
      "iconIdx": 0
    },
    {
      "icon": {
        "paths": [
          "M512 512c141.385 0 256-114.615 256-256s-114.615-256-256-256v0c-141.385 0-256 114.615-256 256s114.615 256 256 256v0zM512 640c-170.837 0-512 85.76-512 256v64c0 35.157 28.843 64 64 64h896c35.157 0 64-28.843 64-64v-64c0-170.24-341.163-256-512-256z"
        ],
        "attrs": [],
        "grid": 0,
        "tags": [
          "user-name"
        ],
        "isMulticolor": false,
        "isMulticolor2": false,
        "colorPermutations": {}
      },
      "attrs": [],
      "properties": {
        "order": 32,
        "id": 1,
        "name": "user-name",
        "prevSize": 32
      },
      "setIdx": 0,
      "setId": 3,
      "iconIdx": 1
    },
    {
      "icon": {
        "paths": [
          "M923.648 698.289l-144.778-16.542c-3.966-0.492-8.556-0.772-13.212-0.772-31.363 0-59.753 12.729-80.285 33.302l-0.002 0.002-104.842 104.842c-162.597-83.879-291.819-213.076-373.478-370.867l-2.251-4.783 105.551-105.472c20.528-20.527 33.225-48.885 33.225-80.208 0-4.656-0.281-9.246-0.826-13.755l0.053 0.543-16.542-143.675c-6.819-57.077-54.94-100.903-113.297-100.903-0.046 0-0.092 0-0.138 0l-98.612-0c-64.433 0-117.996 53.563-113.979 117.996 30.169 486.794 419.525 875.599 905.767 905.846 64.433 3.938 117.996-49.625 117.996-114.058v-98.619c0.001-0.186 0.002-0.406 0.002-0.626 0-57.944-43.629-105.697-99.829-112.201l-0.525-0.049z"
        ],
        "attrs": [
          {}
        ],
        "isMulticolor": false,
        "isMulticolor2": false,
        "grid": 0,
        "tags": [
          "user-tel"
        ]
      },
      "attrs": [
        {}
      ],
      "properties": {
        "order": 33,
        "id": 0,
        "name": "user-tel",
        "prevSize": 32
      },
      "setIdx": 0,
      "setId": 3,
      "iconIdx": 2
    }
  ],
  "height": 1024,
  "preferences": {
    "showGlyphs": true,
    "showQuickUse": true,
    "showQuickUse2": true,
    "showSVGs": true,
    "fontPref": {
      "prefix": "icon-",
      "metadata": {
        "fontFamily": "icomoon"
      },
      "metrics": {
        "emSize": 1024,
        "baseline": 6.25,
        "whitespace": 50
      },
      "embed": false
    },
    "imagePref": {
      "prefix": "icon-",
      "png": true,
      "useClassSelector": true,
      "color": 0,
      "bgColor": 16777215,
      "classSelector": ".icon",
      "name": "icomoon",
      "height": 32,
      "columns": 16,
      "margin": 16,
      "addTitleTags": false
    },
    "historySize": 50,
    "showCodes": true,
    "gridSize": 16
  }
}